epoch,time,train/box_loss,train/cls_loss,train/dfl_loss,metrics/precision(B),metrics/recall(B),metrics/mAP50(B),metrics/mAP50-95(B),val/box_loss,val/cls_loss,val/dfl_loss,lr/pg0,lr/pg1,lr/pg2
1,41.8895,1.49859,3.64491,1.02619,0.01316,1,0.1517,0.04664,0.91346,3.68543,0.85012,0.00020004,0.00020004,0.00020004
2,76.2741,1.17236,1.56669,0.90929,0.01314,0.995,0.0201,0.01341,0.94151,3.58954,0.8824,0.000411593,0.000411593,0.000411593
3,110.933,0.98169,1.02279,0.88677,0.01315,1,0.27936,0.22443,0.80874,3.15461,0.84976,0.000617782,0.000617782,0.000617782
4,144.875,0.93084,0.85635,0.87716,0.01313,1,0.34076,0.2596,0.77456,3.05446,0.8353,0.000818607,0.000818607,0.000818607
5,178.739,0.96501,0.86296,0.86624,0.01314,1,0.9835,0.77768,0.82314,2.51131,0.8436,0.00101407,0.00101407,0.00101407
6,213.087,0.94103,0.81874,0.86866,0.98975,0.95236,0.99235,0.78081,0.81457,1.69569,0.84399,0.00120417,0.00120417,0.00120417
7,247.43,0.90798,0.75907,0.85932,0.9831,1,0.99194,0.7708,0.85382,1.29401,0.85513,0.0013889,0.0013889,0.0013889
8,281.557,0.92491,0.76024,0.87952,0.98051,1,0.99097,0.73129,0.95114,1.01361,0.87215,0.0015226,0.0015226,0.0015226
9,315.378,0.89071,0.68826,0.87362,0.98073,1,0.99225,0.71888,1.04866,0.84466,0.90495,0.00150197,0.00150197,0.00150197
10,349.417,0.91905,0.7168,0.87922,0.98759,1,0.98786,0.78978,0.80278,0.71778,0.84533,0.00148134,0.00148134,0.00148134
11,383.182,0.89766,0.67247,0.86823,0.98793,1,0.98962,0.79213,0.79458,0.64784,0.84013,0.00146071,0.00146071,0.00146071
12,416.782,0.87622,0.64428,0.86433,0.98766,1,0.99318,0.82094,0.70565,0.51565,0.83163,0.00144008,0.00144008,0.00144008
13,449.864,0.82519,0.6083,0.8555,0.98903,1,0.99317,0.81111,0.73059,0.50402,0.83136,0.00141945,0.00141945,0.00141945
14,483.231,0.84375,0.6036,0.86428,0.98804,1,0.99276,0.82356,0.69233,0.52758,0.82836,0.00139882,0.00139882,0.00139882
15,516.177,0.87703,0.62079,0.8592,0.9885,1,0.99374,0.74105,0.93529,0.54108,0.86962,0.00137819,0.00137819,0.00137819
16,548.206,0.8722,0.59319,0.8582,0.98894,1,0.99353,0.81992,0.67582,0.50456,0.82286,0.00135756,0.00135756,0.00135756
17,580.714,0.84367,0.59436,0.85606,0.98884,1,0.9907,0.82782,0.66746,0.47668,0.81998,0.00133693,0.00133693,0.00133693
18,613.98,0.80798,0.57525,0.8432,0.9889,1,0.99131,0.83377,0.66909,0.49778,0.82053,0.0013163,0.0013163,0.0013163
19,646.265,0.82298,0.55508,0.84474,0.98889,1,0.98901,0.85046,0.59365,0.44836,0.8114,0.00129568,0.00129568,0.00129568
20,678.388,0.81503,0.54033,0.85306,0.98907,1,0.99083,0.83934,0.63371,0.42068,0.81549,0.00127505,0.00127505,0.00127505
21,711.017,0.79582,0.5262,0.8522,0.9892,1,0.99249,0.83494,0.6639,0.42401,0.82214,0.00125442,0.00125442,0.00125442
22,743.498,0.8172,0.51016,0.85274,0.98916,1,0.98862,0.8251,0.70545,0.42865,0.82718,0.00123379,0.00123379,0.00123379
23,776.49,0.78008,0.5166,0.84603,0.98896,1,0.98732,0.80598,0.75004,0.42478,0.83279,0.00121316,0.00121316,0.00121316
24,808.681,0.80496,0.50294,0.84395,0.98734,1,0.99369,0.77795,0.85479,0.46456,0.84501,0.00119253,0.00119253,0.00119253
25,841.39,0.74932,0.48627,0.84049,0.98912,1,0.99454,0.81561,0.7166,0.41781,0.82363,0.0011719,0.0011719,0.0011719
26,873.865,0.77258,0.48459,0.84201,0.98892,1,0.99171,0.82118,0.70103,0.46919,0.82309,0.00115127,0.00115127,0.00115127
27,906.984,0.77078,0.49924,0.84232,0.98884,1,0.9891,0.80873,0.76346,0.45516,0.83266,0.00113064,0.00113064,0.00113064
28,940.051,0.78476,0.47113,0.83982,0.9889,1,0.99035,0.76777,0.90285,0.46799,0.85749,0.00111001,0.00111001,0.00111001
29,973.331,0.74999,0.46538,0.83936,0.98869,1,0.9878,0.74655,0.94081,0.44403,0.86165,0.00108938,0.00108938,0.00108938
30,1006.13,0.77854,0.47936,0.83431,0.9887,1,0.98631,0.80264,0.75795,0.42173,0.83279,0.00106876,0.00106876,0.00106876
31,1038.93,0.76447,0.45101,0.8342,0.98909,1,0.98672,0.82039,0.73084,0.40709,0.82698,0.00104813,0.00104813,0.00104813
32,1071.7,0.78229,0.46359,0.84561,0.98922,1,0.98672,0.82624,0.68535,0.39151,0.82417,0.0010275,0.0010275,0.0010275
33,1104.51,0.75746,0.4484,0.839,0.98913,1,0.98732,0.82699,0.72896,0.41341,0.8283,0.00100687,0.00100687,0.00100687
34,1137.36,0.75456,0.43424,0.83504,0.98915,1,0.98898,0.84501,0.62141,0.36091,0.81177,0.000986239,0.000986239,0.000986239
35,1170.53,0.78794,0.44393,0.85046,0.9892,1,0.98601,0.80684,0.76068,0.40453,0.83379,0.00096561,0.00096561,0.00096561
36,1203.57,0.75097,0.4401,0.83688,0.98909,1,0.98641,0.80727,0.778,0.39124,0.83226,0.000944981,0.000944981,0.000944981
37,1236.1,0.75535,0.43436,0.83833,0.98911,1,0.98761,0.81437,0.74221,0.39055,0.83074,0.000924352,0.000924352,0.000924352
38,1269.14,0.75866,0.42722,0.8406,0.98918,1,0.98876,0.81547,0.71218,0.37875,0.82554,0.000903722,0.000903722,0.000903722
39,1301.61,0.73709,0.41728,0.84374,0.98883,1,0.98912,0.81351,0.75063,0.38499,0.83488,0.000883093,0.000883093,0.000883093
40,1334.86,0.73063,0.41838,0.83537,0.98905,1,0.98682,0.82312,0.69958,0.37319,0.82131,0.000862464,0.000862464,0.000862464
41,1371.41,0.74749,0.42312,0.83673,0.9889,1,0.98948,0.83816,0.67629,0.36325,0.82209,0.000841835,0.000841835,0.000841835
42,1407.21,0.72512,0.41784,0.83955,0.98901,1,0.98971,0.84545,0.65471,0.36091,0.81619,0.000821206,0.000821206,0.000821206
43,1442.93,0.72708,0.40691,0.83128,0.98917,1,0.98662,0.83872,0.64132,0.35808,0.81502,0.000800577,0.000800577,0.000800577
44,1479.14,0.75993,0.41069,0.8362,0.98852,1,0.9891,0.79128,0.77989,0.36513,0.83576,0.000779948,0.000779948,0.000779948
45,1515.22,0.73321,0.40656,0.84795,0.98905,1,0.99007,0.84316,0.62197,0.35129,0.81232,0.000759318,0.000759318,0.000759318
46,1551.62,0.73953,0.40891,0.83738,0.98908,1,0.99023,0.78544,0.81923,0.38702,0.84079,0.000738689,0.000738689,0.000738689
47,1587.47,0.73632,0.40845,0.83483,0.98455,1,0.98783,0.83211,0.67771,0.35154,0.82128,0.00071806,0.00071806,0.00071806
48,1624.73,0.72066,0.4006,0.82916,0.98916,1,0.98894,0.79245,0.85207,0.36789,0.84748,0.000697431,0.000697431,0.000697431
49,1669.31,0.71738,0.39582,0.83569,0.98926,1,0.99187,0.81493,0.79108,0.37077,0.83857,0.000676802,0.000676802,0.000676802
50,1713.36,0.68145,0.38084,0.82252,0.98912,1,0.99199,0.7436,1.00801,0.41059,0.87764,0.000656173,0.000656173,0.000656173
51,1756.8,0.70118,0.3942,0.82055,0.98912,1,0.98979,0.78915,0.8087,0.37887,0.84292,0.000635544,0.000635544,0.000635544
52,1799.55,0.69391,0.38468,0.8259,0.98913,1,0.99225,0.83973,0.70033,0.3407,0.82221,0.000614915,0.000614915,0.000614915
53,1843.52,0.70407,0.38573,0.83377,0.98902,1,0.99144,0.77969,0.88352,0.39073,0.85063,0.000594286,0.000594286,0.000594286
54,1886.77,0.70495,0.38247,0.82837,0.9892,1,0.99205,0.8397,0.68848,0.34591,0.82206,0.000573656,0.000573656,0.000573656
55,1929.57,0.67394,0.36722,0.82067,0.98898,1,0.99168,0.82874,0.7206,0.34344,0.82584,0.000553027,0.000553027,0.000553027
56,1974.12,0.69635,0.37545,0.83264,0.989,1,0.99077,0.81984,0.74566,0.33154,0.82899,0.000532398,0.000532398,0.000532398
57,2017.54,0.67207,0.36233,0.82556,0.98907,1,0.99006,0.85313,0.64935,0.31607,0.81538,0.000511769,0.000511769,0.000511769
58,2055.38,0.66847,0.36408,0.82306,0.98887,1,0.99072,0.82528,0.72704,0.34319,0.8245,0.00049114,0.00049114,0.00049114
59,2087.73,0.70646,0.37817,0.83285,0.9891,1,0.99048,0.83219,0.69753,0.34835,0.82026,0.000470511,0.000470511,0.000470511
60,2120.07,0.68086,0.36507,0.82238,0.98925,1,0.99137,0.83107,0.70701,0.33274,0.82107,0.000449882,0.000449882,0.000449882
61,2152.68,0.67996,0.36804,0.82877,0.98881,1,0.99114,0.8545,0.63552,0.32455,0.81137,0.000429253,0.000429253,0.000429253
62,2185.15,0.67062,0.35854,0.82175,0.98853,1,0.99118,0.82327,0.77462,0.35455,0.82977,0.000408623,0.000408623,0.000408623
63,2217.71,0.65192,0.35454,0.82094,0.98882,1,0.98756,0.81578,0.74316,0.33185,0.82773,0.000387994,0.000387994,0.000387994
64,2249.78,0.6747,0.36276,0.82263,0.98889,1,0.98854,0.79695,0.81462,0.34761,0.84055,0.000367365,0.000367365,0.000367365
65,2282.44,0.67415,0.35663,0.83157,0.9888,1,0.98868,0.8389,0.65058,0.32516,0.81459,0.000346736,0.000346736,0.000346736
66,2315.89,0.66739,0.35309,0.82369,0.98886,1,0.98837,0.78487,0.87879,0.35618,0.84844,0.000326107,0.000326107,0.000326107
67,2347.71,0.67442,0.35522,0.83114,0.98925,1,0.98753,0.82318,0.73403,0.32863,0.82617,0.000305478,0.000305478,0.000305478
68,2380.68,0.64007,0.34891,0.82152,0.98917,1,0.98621,0.80979,0.77906,0.33285,0.83361,0.000284849,0.000284849,0.000284849
69,2412.54,0.64751,0.35265,0.82142,0.98893,1,0.98717,0.82867,0.73599,0.3329,0.82676,0.00026422,0.00026422,0.00026422
70,2445.12,0.63593,0.3462,0.82143,0.98885,1,0.98891,0.80948,0.78756,0.34392,0.83377,0.00024359,0.00024359,0.00024359
71,2477.05,0.61144,0.34177,0.81667,0.98892,1,0.98865,0.76181,0.93546,0.37013,0.86172,0.000222961,0.000222961,0.000222961
72,2508.95,0.5954,0.32619,0.82775,0.98885,1,0.9853,0.80713,0.73842,0.32727,0.82665,0.000202332,0.000202332,0.000202332
73,2540.71,0.58528,0.32281,0.82084,0.98887,1,0.98581,0.7779,0.85027,0.35149,0.84684,0.000181703,0.000181703,0.000181703
74,2572.38,0.60043,0.32374,0.81648,0.98885,1,0.98641,0.77927,0.86029,0.35014,0.85043,0.000161074,0.000161074,0.000161074
75,2604.26,0.59823,0.32334,0.82359,0.98903,1,0.98591,0.81269,0.75481,0.32655,0.83065,0.000140445,0.000140445,0.000140445
76,2636.2,0.58659,0.32362,0.82252,0.989,1,0.98672,0.77552,0.85337,0.3493,0.84821,0.000119816,0.000119816,0.000119816
77,2667.82,0.58547,0.31624,0.82024,0.98902,1,0.98761,0.78717,0.84356,0.34777,0.84712,9.91865e-05,9.91865e-05,9.91865e-05
78,2700.09,0.5766,0.31304,0.80927,0.98904,1,0.98793,0.80673,0.77173,0.32878,0.8347,7.85574e-05,7.85574e-05,7.85574e-05
79,2731.48,0.5732,0.31222,0.80877,0.98901,1,0.98862,0.7972,0.81265,0.33819,0.84273,5.79283e-05,5.79283e-05,5.79283e-05
80,2763.27,0.57822,0.31401,0.81195,0.989,1,0.98927,0.79661,0.82518,0.34202,0.84471,3.72991e-05,3.72991e-05,3.72991e-05
